{"Brand": -0.003743562209719388, "Model": -0.01805531905385693, "Region": -0.10977195242844283, "Year": 0.5073236326876912, "Engine": 0.1564559476547716, "EngineVolume": 0.3110175094361054, "Power": 0.44932781030460844, "Transmission": -0.032465800999005166, "Drive": -0.23590444228388852, "Body": -0.09266039837650647, "Color": -0.03817658784918869, "Mileage": -0.4040068978785865, "Wheel": -0.16800604063969715, "Generation": 0.0558877732974955, "Complectation": 0.035901561729916105, "IsSold": -0.11298163117550608}