{"MAE": 418742.2030352144, "Accuracy": 0.026668631206718727}