{"MAE": 584762.8308820778, "Accuracy": 0.019572620785150256}